GID,Pos,Name,Team,Opponent,Home/Away,Salary,Salary Change,Points,GP,Pts/Game,Pts/G/$,Pts/G(alt),Bye week,YTD Salary H/L
5560,RB,"Hunt, Kareem",kan,was,H,8500,500,75.5,2,37.75,4.44,28.3,10,H
1514,QB,"Wentz, Carson",phi,lac,A,6600,700,52.7,2,26.35,3.99,13.24,10,H
1254,QB,"Smith, Alex",kan,was,H,6300,400,50.16,2,25.08,3.98,15.1,10,H
1488,QB,"Siemian, Trevor",den,oak,H,5200,-300,48.3,2,24.15,4.64,9.56,5,L
5392,RB,"Montgomery, Ty",gb,chi,H,7500,600,48.3,2,24.15,3.22,13,8,H
2992,RB,"Gurley, Todd",lar,dal,A,7800,1000,48.2,2,24.1,3.09,40.9,8,H
3872,WR,"Crabtree, Michael",oak,den,A,6200,-1200,46.3,2,23.15,3.73,1.7,10,L
4262,TE,"Witten, Jason",dal,lar,H,5000,500,44.6,2,22.3,4.46,1.3,6,H
1131,QB,"Brady, Tom",ne,car,H,8000,300,44.46,2,22.23,2.78,39.72,9,H
1252,QB,"Rodgers, Aaron",gb,chi,H,7600,300,44.06,2,22.03,2.9,28.82,8,H
3474,WR,"Brown, Antonio",pit,bal,A,9300,300,43.4,2,21.7,2.33,30,9,H
2924,RB,"Anderson, C.J.",den,oak,H,5600,-200,43.2,2,21.6,3.86,6.3,5,L
1340,QB,"Stafford, Matthew",det,min,A,6000,-200,42.26,2,21.13,3.52,16.46,7,L
7003,D,Baltimore,bal,pit,H,3000,-900,42,2,21,7,-4,10,L
5409,WR,"Nelson, J.J.",ari,sfo,H,5600,300,41.3,2,20.65,3.69,0,8,H
2915,RB,"Thompson, Chris",was,kan,A,5200,700,41.2,2,20.6,3.96,33.8,5,H
1151,QB,"Brees, Drew",no,mia,A,7200,0,40.88,2,20.44,2.84,20.8,5,
1441,QB,"Carr, Derek",oak,den,A,5800,-1000,39.88,2,19.94,3.44,7.22,10,L
2991,RB,"Gordon, Melvin",lac,phi,H,7000,-600,39.7,2,19.85,2.84,13.9,9,L
5564,RB,"Cohen, Tarik",chi,gb,A,5500,-100,39.1,2,19.55,3.55,14.2,9,L
1231,QB,"Rivers, Philip",lac,phi,H,6300,-100,38.92,2,19.46,3.09,6.48,9,L
5485,WR,"Hill, Tyreek",kan,was,H,6800,200,38.7,2,19.35,2.85,20,10,H
5534,RB,"Fournette, Leonard",jac,nyj,A,6700,700,38.5,2,19.25,2.87,17,8,H
4582,TE,"Kelce, Travis",kan,was,H,6000,0,36.7,2,18.35,3.06,1.1,10,
5198,WR,"Allen, Keenan",lac,phi,H,7200,0,36.5,2,18.25,2.53,11.1,9,
5333,WR,"Thielen, Adam",min,det,H,5800,100,36.1,2,18.05,3.11,14.8,9,H
2930,RB,"Freeman, Devonta",atl,buf,H,7300,600,35.9,2,17.95,2.46,25.8,5,H
1301,QB,"Ryan, Matt",atl,buf,H,7400,300,35.82,2,17.91,2.42,16.66,5,H
2894,RB,"Gillislee, Mike",ne,car,H,5400,-300,35.4,2,17.7,3.28,3.1,9,L
5186,WR,"Kearse, Jermaine",nyj,jac,H,4600,0,35.3,2,17.65,3.84,7.2,11,
1501,QB,"Prescott, Dak",dal,lar,H,6200,400,35.04,2,17.52,2.83,22.92,6,H
1232,QB,"Roethlisberger, Ben",pit,bal,A,6000,-200,34.24,2,17.12,2.85,13,9,L
2707,RB,"McCoy, LeSean",buf,atl,A,8400,1400,34.2,2,17.1,2.04,13.9,6,H
2933,RB,"Hyde, Carlos",sfo,ari,A,6600,1400,34,2,17,2.58,24.4,11,H
7011,D,Detroit,det,min,A,2700,300,33,2,16.5,6.11,13,7,H
1466,QB,"Mariota, Marcus",ten,hou,A,6400,400,32.84,2,16.42,2.57,19.7,8,H
5206,WR,"Hopkins, DeAndre",hou,ten,H,6400,200,32.8,2,16.4,2.56,14.6,7,H
5424,WR,"Diggs, Stefon",min,det,H,7100,600,32.8,2,16.4,2.31,40.3,9,H
4569,TE,"Ertz, Zach",phi,lac,A,6300,1300,32,2,16,2.54,18.5,10,H
4494,TE,"Gronkowski, Rob",ne,car,H,6600,-200,31.9,2,15.95,2.42,22.9,9,L
1207,QB,"Palmer, Carson",ari,sfo,H,6100,100,31.84,2,15.92,2.61,24.7,8,H
5263,WR,"Adams, Davante",gb,chi,H,5900,300,31.6,2,15.8,2.68,9,8,H
1490,QB,"Goff, Jared",lar,dal,A,5600,400,31.5,2,15.75,2.81,23.58,8,H
5153,WR,"Jeffery, Alshon",phi,lac,A,6200,300,31,2,15.5,2.5,9.6,10,H
3995,WR,"Tate, Golden",det,min,A,6300,-600,30.9,2,15.45,2.45,18.8,7,L
4360,TE,"Walker, Delanie",ten,hou,A,4900,500,30.8,2,15.4,3.14,7.1,8,H
5125,WR,"Cobb, Randall",gb,chi,H,6000,0,30.5,2,15.25,2.54,0,8,
1400,QB,"Taylor, Tyrod",buf,atl,A,5300,400,30.26,2,15.13,2.85,17.82,6,H
7025,D,Los Angeles,lar,dal,A,2800,-700,30,2,15,5.36,4,8,L
3983,WR,"Sanders, Emmanuel",den,oak,H,6100,300,29.8,2,14.9,2.44,14.5,5,H
5089,WR,"Jones, Julio",atl,buf,H,8800,-500,29.4,2,14.7,1.67,16.1,5,L
4653,TE,"James, Jesse",pit,bal,A,3000,-300,28.8,2,14.4,4.8,3.9,9,L
4552,TE,"Fleener, Coby",no,mia,A,3400,-700,28.7,2,14.35,4.22,3.1,5,L
1420,QB,"Glennon, Mike",chi,gb,A,4500,-200,28.56,2,14.28,3.17,7.44,9,L
1344,QB,"Bradford, Sam",min,det,H,5700,0,28.54,1,28.54,5.01,0,9,
5378,WR,"Agholor, Nelson",phi,lac,A,3900,-300,28.5,2,14.25,3.65,4,10,L
1175,QB,"McCown, Josh",nyj,jac,H,4500,0,28.22,2,14.11,3.14,14.66,11,
5370,RB,"Allen, Javorius",bal,pit,H,4700,-300,28.2,2,14.1,3,7.8,10,L
5444,RB,"Elliott, Ezekiel",dal,lar,H,8200,-100,28.2,2,14.1,1.72,18.4,6,L
5559,RB,"Cook, Dalvin",min,det,H,6500,600,28.1,2,14.05,2.16,27.9,9,H
2954,RB,"White, James",ne,car,H,5000,-400,27.4,2,13.7,2.74,3.8,9,L
5341,WR,"Hurns, Allen",jac,nyj,A,4700,100,27.4,2,13.7,2.91,11,8,H
7014,D,Jacksonville,jac,nyj,A,3600,200,27,2,13.5,3.75,12,8,H
3830,WR,"Maclin, Jeremy",bal,pit,H,4500,-700,26.7,2,13.35,2.97,1.8,10,L
2929,RB,"West, Terrance",bal,pit,H,4100,-800,26.5,2,13.25,3.23,1.6,10,L
4677,TE,"Hooper, Austin",atl,buf,H,3300,-500,26.5,2,13.25,4.02,1.9,5,L
7023,D,Philadelphia,phi,lac,A,3300,300,26,2,13,3.94,4,10,H
7024,D,Pittsburgh,pit,bal,A,3500,100,26,2,13,3.71,6,9,H
1378,QB,"Newton, Cam",car,ne,A,5900,-700,25.96,2,12.98,2.2,11.28,11,L
1415,QB,"Cousins, Kirk",was,kan,A,6500,400,25.46,2,12.73,1.96,29.8,5,H
1517,QB,"Kizer, DeShone",cle,cin,H,5200,200,25.46,2,12.73,2.45,25.08,9,H
1518,QB,"Watson, Deshaun",hou,ten,H,5100,400,25.38,2,12.69,2.49,25.14,7,H
3891,WR,"Bryant, Dez",dal,lar,H,6500,-300,25.2,2,12.6,1.94,9.2,6,L
7005,D,Carolina,car,ne,A,2300,-300,25,2,12.5,5.43,0,11,L
3997,WR,"Thomas, Demaryius",den,oak,H,6300,400,24.8,2,12.4,1.97,15.8,5,H
5554,WR,"Golladay, Kenny",det,min,A,4100,-500,24.7,2,12.35,3.01,4.5,7,L
1412,QB,"Wilson, Russell",sea,ind,H,7300,1000,24.64,2,12.32,1.69,36.52,6,H
5376,WR,"Cooper, Amari",oak,den,A,6000,-1100,24.5,2,12.25,2.04,1.6,10,L
5159,WR,"Sanu, Mohamed",atl,buf,H,4800,300,24.2,2,12.1,2.52,12.8,5,H
5091,WR,"Green, A.J.",cin,cle,A,8600,500,24.1,2,12.05,1.4,30.1,6,H
5552,WR,"Kupp, Cooper",lar,dal,A,4300,-400,23.9,2,11.95,2.78,3.7,8,L
2793,RB,"Ingram, Mark",no,mia,A,4600,100,23.7,2,11.85,2.58,10.6,5,H
1302,QB,"Flacco, Joe",bal,pit,H,4900,-400,23.42,2,11.71,2.39,-0.88,10,L
5459,WR,"Thomas, Michael",no,mia,A,7300,300,23.4,2,11.7,1.6,21.7,5,H
2859,RB,"Miller, Lamar",hou,ten,H,4500,-500,23.3,2,11.65,2.59,7.3,7,L
4701,TE,"Engram, Evan",nyg,tam,A,3000,-200,23.3,2,11.65,3.88,9.5,8,L
1442,QB,"Bortles, Blake",jac,nyj,A,5300,900,23.12,2,11.56,2.18,27.56,8,H
5490,RB,"Richard, Jalen",oak,den,A,3900,-200,22.7,2,11.35,2.91,1.8,10,L
2830,RB,"Vereen, Shane",nyg,tam,A,3600,-400,22.6,2,11.3,3.14,4.3,8,L
5167,WR,"Hogan, Chris",ne,car,H,6000,-100,22.3,2,11.15,1.86,22.8,9,L
5253,WR,"Evans, Mike",tam,nyg,H,7400,-100,22.3,1,22.3,3.01,13.7,1,L
2994,RB,"Coleman, Tevin",atl,buf,H,5000,-300,22.3,2,11.15,2.23,11.9,5,L
5367,WR,"Bryant, Martavis",pit,bal,A,5400,-300,22.2,2,11.1,2.06,5,9,L
2552,RB,"Lynch, Marshawn",oak,den,A,5000,-1000,22.1,2,11.05,2.21,3.6,10,L
4594,TE,"Doyle, Jack",ind,sea,A,3400,-200,22,2,11,3.24,2.6,11,L
5326,WR,"Coleman, Brandon",no,mia,A,3500,-400,21.5,2,10.75,3.07,8.1,5,L
5168,WR,"Jones, Marvin",det,min,A,4000,-200,21.4,2,10.7,2.67,5.4,7,L
2907,RB,"Riddick, Theo",det,min,A,4500,-600,21.3,2,10.65,2.37,7.8,7,L
3751,WR,"Nelson, Jordy",gb,chi,H,7700,-100,20.9,1,20.9,2.71,23.2,8,L
5536,RB,"McCaffrey, Christian",car,ne,A,6800,700,20.9,2,10.45,1.54,23.7,11,H
2888,RB,"Bell, Le'Veon",pit,bal,A,8700,-100,20.8,2,10.4,1.2,21.8,9,L
4543,TE,"Clay, Charles",buf,atl,A,3700,300,20.6,2,10.3,2.78,15.9,6,H
5136,WR,"Baldwin, Doug",sea,ind,H,6900,500,20.4,2,10.2,1.48,29.5,6,H
5162,WR,"Wright, Kendall",chi,gb,A,3800,-500,20.3,2,10.15,2.67,0,9,L
1225,QB,"Manning, Eli",nyg,tam,A,5700,400,20.26,2,10.13,1.78,27.64,8,H
2612,RB,"Stewart, Jonathan",car,ne,A,4300,-400,20.2,2,10.1,2.35,7.1,11,L
4537,TE,"Rudolph, Kyle",min,det,H,4100,-100,20.1,2,10.05,2.45,1.4,9,L
5335,WR,"Landry, Jarvis",mia,no,H,6500,-300,20.1,1,20.1,3.09,10.8,1,L
5260,WR,"Richardson, Paul",sea,ind,H,4600,500,19.8,2,9.9,2.15,11,6,H
5432,WR,"Williams, Tyrell",lac,phi,H,4400,-200,19.8,2,9.9,2.25,3.5,9,L
2613,RB,"Forte, Matt",nyj,jac,H,3900,-400,19.7,2,9.85,2.53,2.5,11,L
3754,WR,"Garcon, Pierre",sfo,ari,A,5500,200,19.7,2,9.85,1.79,24.2,11,H
5182,WR,"Matthews, Rishard",ten,hou,A,4900,700,19.4,2,9.7,1.98,20.7,8,H
4573,TE,"Reed, Jordan",was,kan,A,5400,0,19.4,2,9.7,1.8,0,5,
3851,WR,"Amendola, Danny",ne,car,H,4900,-500,19,1,19,3.88,7.8,9,L
7004,D,Buffalo,buf,atl,A,2300,-300,19,2,9.5,4.13,8,6,L
7029,D,Tampa Bay,tam,nyg,H,3400,200,19,1,19,5.59,-1,1,H
7031,D,Washington,was,kan,A,2500,100,19,2,9.5,3.8,14,5,H
5353,WR,"Fowler, Bennie",den,oak,H,3300,300,18.9,2,9.45,2.86,9.5,5,H
3501,WR,"Fitzgerald, Larry",ari,sfo,H,6100,-300,18.5,2,9.25,1.52,36.9,8,L
5216,WR,"Williams, Terrance",dal,lar,H,3600,0,18.5,2,9.25,2.57,7.7,6,
2484,RB,"Sproles, Darren",phi,lac,A,4000,100,18.3,2,9.15,2.29,1.1,10,H
2580,WR,"Grant, Ryan",was,kan,A,3300,-200,18.2,2,9.1,2.76,6.1,5,L
5160,WR,"Thompson, Deonte",chi,gb,A,3100,-400,18.2,2,9.1,2.94,1.9,9,L
5452,WR,"Coleman, Corey",cle,cin,H,4800,0,18.2,2,9.1,1.9,0,9,
4461,TE,"Miller, Zach",chi,gb,A,2800,-200,18.1,2,9.05,3.23,2.7,9,L
4601,TE,"Ebron, Eric",det,min,A,3100,-200,18.1,2,9.05,2.92,2.9,7,L
5255,WR,"Cooks, Brandin",ne,car,H,7600,300,18.1,2,9.05,1.19,35.1,9,H
7001,D,Arizona,ari,sfo,H,3200,300,18,2,9,2.81,0,8,H
7002,D,Atlanta,atl,buf,H,3200,700,18,2,9,2.81,3,5,H
7010,D,Denver,den,oak,H,3300,-300,18,2,9,2.73,4,5,L
1407,WR,"Pryor, Terrelle",was,kan,A,5400,-500,17.7,2,8.85,1.64,3.9,5,L
5445,RB,"Henry, Derrick",ten,hou,A,5300,0,17.7,2,8.85,1.67,7.4,8,
2998,RB,"Ajayi, Jay",mia,no,H,7400,-300,17.6,1,17.6,2.38,4.5,1,L
4705,TE,"Everett, Gerald",lar,dal,A,2500,0,17.4,2,8.7,3.48,0,8,
5257,WR,"Benjamin, Kelvin",car,ne,A,6000,-700,17.2,2,8.6,1.43,2.8,11,L
4292,TE,"Watson, Ben",bal,pit,H,3600,-100,17.1,2,8.55,2.38,10.2,10,L
4437,TE,"Cook, Jared",oak,den,A,3400,300,17.1,2,8.55,2.51,14.3,10,H
4407,TE,"Bennett, Martellus",gb,chi,H,3700,-300,17,2,8.5,2.3,4.2,8,L
5456,WR,"Shepard, Sterling",nyg,tam,A,5000,300,17,2,8.5,1.7,29.3,8,H
5475,WR,"Higgins, Rashard",cle,cin,H,4500,500,16.9,1,16.9,3.76,3,9,H
5565,RB,"Carson, Chris",sea,ind,H,5400,500,16.9,2,8.45,1.56,13.2,6,H
2467,RB,"Gore, Frank",ind,sea,A,4000,-200,16.8,2,8.4,2.1,12.7,11,L
2890,RB,"Burkhead, Rex",ne,car,H,4000,0,16.7,2,8.35,2.09,0,9,
5151,WR,"Hilton, T.Y.",ind,sea,A,5300,100,16.6,2,8.3,1.57,31.3,11,H
5447,RB,"Howard, Jordan",chi,gb,A,5800,900,16.3,2,8.15,1.41,35.4,9,H
4690,TE,"DeValve, Seth",cle,cin,H,2600,0,16.3,2,8.15,3.13,4.9,9,
5562,RB,"Kamara, Alvin",no,mia,A,3900,-100,16.2,2,8.1,2.08,13.2,5,L
5252,WR,"Watkins, Sammy",lar,dal,A,5900,400,15.8,2,7.9,1.34,31.6,8,H
5385,WR,"Conley, Chris",kan,was,H,3200,0,15.8,2,7.9,2.47,0,10,
2995,RB,"Abdullah, Ameer",det,min,A,4200,-500,15.7,2,7.85,1.87,11.6,7,L
4702,TE,"Njoku, David",cle,cin,H,2900,100,15.7,2,7.85,2.71,9.2,9,H
5173,WR,"Benjamin, Travis",lac,phi,H,3900,400,15.4,2,7.7,1.97,19.4,9,H
3670,WR,"Ginn Jr., Ted",no,mia,A,3900,-200,15.2,2,7.6,1.95,13.9,5,L
5208,WR,"Patterson, Cordarrelle",oak,den,A,3000,0,15,2,7.5,2.5,2.2,10,
2997,RB,"Johnson, Duke",cle,cin,H,4500,300,15,2,7.5,1.67,22.4,9,H
4675,TE,"Henry, Hunter",lac,phi,H,3500,-400,15,1,15,4.29,0,9,L
7028,D,Seattle,sea,ind,H,4100,600,15,2,7.5,1.83,-1,6,H
5223,WR,"Shepard, Russell",car,ne,A,4000,500,14.9,2,7.45,1.86,0,11,H
5191,WR,"Bellamy, Josh",chi,gb,A,3100,-200,14.8,2,7.4,2.39,0,9,L
5381,WR,"Funchess, Devin",car,ne,A,5300,1100,14.8,2,7.4,1.4,9.8,11,H
5113,WR,"Smith, Torrey",phi,lac,A,3700,100,14.6,2,7.3,1.97,6.9,10,H
5256,WR,"Lee, Marqise",jac,nyj,A,4500,100,14.6,2,7.3,1.62,10.5,8,H
4542,TE,"Green, Virgil",den,oak,H,2700,0,14.5,2,7.25,2.69,4.8,5,
2969,RB,"Crowell, Isaiah",cle,cin,H,4800,0,14.3,2,7.15,1.49,7.4,9,
5550,WR,"Davis, Corey",ten,hou,A,4000,100,14.3,2,7.15,1.79,0,8,H
5386,WR,"Lockett, Tyler",sea,ind,H,4500,200,14.2,2,7.1,1.58,5,6,H
2647,RB,"Tolbert, Mike",buf,atl,A,3800,0,14.1,2,7.05,1.86,4.1,6,
2741,RB,"Ivory, Chris",jac,nyj,A,3800,0,14.1,2,7.05,1.86,6.2,8,
5254,WR,"Matthews, Jordan",buf,atl,A,3900,400,14.1,2,7.05,1.81,9.1,6,H
5395,RB,"Johnson, David",ari,sfo,H,6300,6300,14.1,1,14.1,2.24,0,8,H
7009,D,Dallas,dal,lar,H,2500,-300,14,2,7,2.8,7,6,L
7015,D,Kansas City,kan,was,H,3100,200,14,2,7,2.26,12,10,H
5163,WR,"Beasley, Cole",dal,lar,H,4500,-200,13.5,2,6.75,1.5,1.4,6,L
2889,RB,"Bernard, Giovani",cin,cle,A,4300,500,13.5,2,6.75,1.57,11.9,6,H
5339,WR,"Wilson, Albert",kan,was,H,3300,200,13.3,2,6.65,2.02,10.4,10,H
5548,RB,"Mack, Marlon",ind,sea,A,3800,0,13.3,2,6.65,1.75,0,11,
1263,QB,"Cutler, Jay",mia,no,H,5800,-300,13.1,1,13.1,2.26,12.7,1,L
4270,TE,"Gates, Antonio",lac,phi,H,2900,-100,12.8,2,6.4,2.21,5,9,L
2721,RB,"Blount, LeGarrette",phi,lac,A,3900,0,12.7,2,6.35,1.63,12.7,10,
2818,RB,"Rodgers, Jacquizz",tam,nyg,H,4400,-200,12.7,1,12.7,2.89,1.5,1,L
5508,WR,"Lewis, Roger",nyg,tam,A,3200,-100,12.7,2,6.35,1.98,1.6,8,L
5380,WR,"Parker, DeVante",mia,no,H,6700,400,12.5,1,12.5,1.87,21.6,1,H
1465,QB,"Winston, Jameis",tam,nyg,H,5900,-100,12.46,1,12.46,2.11,21.52,1,L
3946,WR,"LaFell, Brandon",cin,cle,A,3800,100,12.4,2,6.2,1.63,1.5,6,H
2935,RB,"McKinnon, Jerick",min,det,H,4000,0,12.2,2,6.1,1.52,2.4,9,
5410,WR,"Crowder, Jamison",was,kan,A,4900,0,12.1,2,6.05,1.23,10.2,5,
1496,QB,"Brissett, Jacoby",ind,sea,A,5000,200,11.88,2,5.94,1.19,27.76,11,H
2831,RB,"Murray, DeMarco",ten,hou,A,6000,500,11.8,2,5.9,0.98,22,8,H
5212,WR,"Stills, Kenny",mia,no,H,4300,-100,11.7,1,11.7,2.72,9.1,1,L
1403,QB,"Dalton, Andy",cin,cle,A,5800,700,11.46,2,5.73,0.99,16.28,6,H
5478,WR,"Rogers, Eli",pit,bal,A,3300,-300,11.4,2,5.7,1.73,-1,9,L
5229,WR,"Brown, Jaron",ari,sfo,H,4000,300,11.3,1,11.3,2.83,10.7,8,H
5470,RB,"Ervin, Tyler",hou,ten,H,3000,0,11.2,2,5.6,1.87,1.8,7,
5502,WR,"Anderson, Robby",nyj,jac,H,3800,400,11,2,5.5,1.45,18.5,11,H
4703,TE,"Kittle, George",sfo,ari,A,2500,0,11,2,5.5,2.2,1.8,11,
4706,TE,"Smith, Jonnu",ten,hou,A,2600,0,11,2,5.5,2.12,9.4,8,
7007,D,Cincinnati,cin,cle,A,3500,1000,11,2,5.5,1.57,14,6,H
7012,D,Green Bay,gb,chi,H,3600,200,11,2,5.5,1.53,6,8,H
7022,D,Oakland,oak,den,A,2300,-200,11,2,5.5,2.39,5,10,L
7026,D,San Diego,lac,phi,H,2500,-300,11,2,5.5,2.2,5,9,L
7027,D,San Francisco,sfo,ari,A,2200,-700,11,2,5.5,2.5,0,11,L
7030,D,Tennessee,ten,hou,A,3300,600,11,2,5.5,1.67,1,8,H
5177,WR,"Holmes, Andre",buf,atl,A,3000,0,10.9,2,5.45,1.82,8.6,6,
2892,RB,"Ellington, Andre",ari,sfo,H,3800,0,10.8,2,5.4,1.42,13.1,8,
5493,RB,"Kelley, Rob",was,kan,A,4200,0,10.8,2,5.4,1.29,0,5,
5205,WR,"Goodwin, Marquise",sfo,ari,A,3500,0,10.7,2,5.35,1.53,8.2,11,
5361,WR,"Gabriel, Taylor",atl,buf,H,4100,100,10.7,2,5.35,1.3,18.9,5,H
5449,RB,"Washington, DeAndre",oak,den,A,3800,-200,10.7,2,5.35,1.41,7.4,10,L
5553,WR,"Smith-Schuster, JuJu",pit,bal,A,3000,0,10.6,2,5.3,1.77,5.9,9,
5384,WR,"Dorsett, Phillip",ne,car,H,4000,0,10.5,2,5.25,1.31,0,9,
5535,RB,"Mixon, Joe",cin,cle,A,5700,1200,10.5,2,5.25,0.92,13.1,6,H
2918,RB,"Williams, Kerwynn",ari,sfo,H,3900,-100,10.4,2,5.2,1.33,0.3,8,L
5480,WR,"Erickson, Alex",cin,cle,A,3100,0,10.4,2,5.2,1.68,0,6,
3902,WR,"Decker, Eric",ten,hou,A,4200,200,10.2,2,5.1,1.21,8.9,8,H
2819,RB,"Powell, Bilal",nyj,jac,H,4600,400,10.2,2,5.1,1.11,9.7,11,H
5555,WR,"Taylor, Taywan",ten,hou,A,3400,-200,10.2,2,5.1,1.5,3.5,8,L
5217,WR,"Woods, Robert",lar,dal,A,3900,600,10.1,2,5.05,1.29,19.8,8,H
5481,WR,"Louis, Ricardo",cle,cin,H,3200,200,9.9,2,4.95,1.55,2,9,H
5344,WR,"Moncrief, Donte",ind,sea,A,3500,-300,9.8,2,4.9,1.4,6.4,11,L
5496,WR,"Lewis, Tommylee",no,mia,A,3000,-100,9.8,2,4.9,1.63,5.3,5,L
4642,TE,"Harris, Demetrius",kan,was,H,2600,0,9.5,1,9.5,3.65,0,10,
2987,RB,"West, Charcandrick",kan,was,H,4000,0,9.5,1,9.5,2.38,3.3,10,
2629,RB,"Charles, Jamaal",den,oak,H,4200,0,9.2,2,4.6,1.1,12.7,5,
7008,D,Cleveland,cle,cin,H,2400,-600,9,2,4.5,1.88,4,9,L
7013,D,Indianapolis,ind,sea,A,2400,-800,9,2,4.5,1.88,6,11,L
7032,D,Houston,hou,ten,H,3000,700,9,2,4.5,1.5,9,7,H
5408,WR,"Roberts, Seth",oak,den,A,3300,-100,8.9,2,4.45,1.35,5,10,L
5472,RB,"Perkins, Paul",nyg,tam,A,3500,-300,8.7,2,4.35,1.24,5,8,L
4568,TE,"Eifert, Tyler",cin,cle,A,3900,0,8.6,2,4.3,1.1,0,6,
4640,TE,"Fiedorowicz, C.J.",hou,ten,H,3000,3000,8.6,1,8.6,2.87,0,7,H
1495,QB,"Hogan, Kevin",cle,cin,H,4600,0,8.22,1,8.22,1.79,0,9,
5264,WR,"Brown, John",ari,sfo,H,5100,0,8.2,1,8.2,1.61,0,8,
5441,RB,"Brown, Malcolm",lar,dal,A,3900,0,8.2,2,4.1,1.05,0,8,
1336,QB,"Hoyer, Brian",sfo,ari,A,4800,0,8.18,2,4.09,0.85,30.18,11,
5453,WR,"Treadwell, Laquon",min,det,H,3200,-100,8,2,4,1.25,1.2,9,L
4650,TE,"Williams, Maxx",bal,pit,H,2500,0,7.8,2,3.9,1.56,0,10,
4670,TE,"Tye, Will",nyj,jac,H,2600,0,7.8,2,3.9,1.5,0,11,
5538,RB,"Perine, Samaje",was,kan,A,4100,-400,7.7,1,7.7,1.88,5.5,5,L
5323,WR,"Beckham Jr., Odell",nyg,tam,A,8900,300,7.6,1,7.6,0.85,28.9,8,H
5275,WR,"Aiken, Kamar",ind,sea,A,3100,-200,7.4,2,3.7,1.19,1.9,11,L
2910,RB,"Bohanon, Tommy",jac,nyj,A,3000,0,7.1,1,7.1,2.37,1.8,8,
7020,D,New York G,nyg,tam,A,2900,-200,7,2,3.5,1.21,5,8,L
3770,WR,"Jackson, DeSean",tam,nyg,H,5200,600,6.9,1,6.9,1.33,18.4,1,H
5557,WR,"Jones, Zay",buf,atl,A,3100,0,6.9,2,3.45,1.11,0,6,
5219,WR,"Butler, Brice",dal,lar,H,3000,0,6.8,2,3.4,1.13,17,6,
2689,RB,"Woodhead, Danny",bal,pit,H,4000,4000,6.7,1,6.7,1.68,0,10,H
1435,QB,"Keenum, Case",min,det,H,5000,500,6.68,1,6.68,1.34,31.56,9,H
4692,TE,"Derby, A.J.",den,oak,H,2500,0,6.4,2,3.2,1.28,1.5,5,
2928,RB,"Hill, Jeremy",cin,cle,A,3700,0,6.3,2,3.15,0.85,3.9,6,
5413,RB,"Fowler, Jalston",ten,hou,A,3000,0,6.3,1,6.3,2.1,0,8,
5448,RB,"Prosise, C.J.",sea,ind,H,4000,300,6.3,2,3.15,0.79,10.4,6,H
5578,WR,"Hollins, Mack",phi,lac,A,3000,0,6.2,1,6.2,2.07,0,10,
5581,RB,"Ham, C.J.",min,det,H,3000,0,6.1,1,6.1,2.03,2.2,9,
4554,TE,"Ellison, Rhett",nyg,tam,A,2500,0,6,2,3,1.2,0,8,
7006,D,Chicago,chi,gb,A,2100,-100,6,2,3,1.43,10,9,L
4586,TE,"Hill, Josh",no,mia,A,2500,0,5.9,1,5.9,2.36,1.3,5,
5567,RB,"Breida, Matt",sfo,ari,A,3800,0,5.9,2,2.95,0.78,5.9,11,
4368,TE,"Olsen, Greg",car,ne,A,4700,-200,5.8,2,2.9,0.62,0,11,L
4534,TE,"Thomas, Julius",mia,no,H,2900,-100,5.6,1,5.6,1.93,4.6,1,L
4662,TE,"Momah, Ifeanyi",ari,sfo,H,2500,0,5.6,1,5.6,2.24,0,8,
4578,TE,"Willson, Luke",sea,ind,H,2700,100,5.5,2,2.75,1.02,14.3,6,H
4676,TE,"Heuerman, Jeff",den,oak,H,2500,0,5.5,2,2.75,1.1,0,5,
5511,WR,"Allison, Geronimo",gb,chi,H,4100,1100,5.4,1,5.4,1.32,21.2,8,H
2976,RB,"Darkwa, Orleans",nyg,tam,A,3400,0,5.3,2,2.65,0.78,4.3,8,
4576,TE,"Sims, Dion",chi,gb,A,2500,0,5.1,2,2.55,1.02,0,9,
5188,WR,"Wright, Jarius",min,det,H,3000,0,5,2,2.5,0.83,8.9,9,
4492,TE,"Graham, Jimmy",sea,ind,H,4900,300,4.9,2,2.45,0.5,14.2,6,H
4686,TE,"Adams, Jerell",nyg,tam,A,2500,0,4.8,1,4.8,1.92,0,8,
3627,WR,"Marshall, Brandon",nyg,tam,A,4600,-400,4.7,2,2.35,0.51,14.6,8,L
5507,RB,"Barber, Peyton",tam,nyg,H,3000,0,4.7,1,4.7,1.57,0,1,
5577,WR,"Gentry, Tanner",chi,gb,A,0,-3000,4.7,1,4.7,0,0,9,L
4482,TE,"Dickson, Ed",car,ne,A,2800,100,4.6,2,2.3,0.82,1.8,11,H
5544,RB,"McGuire, Elijah",nyj,jac,H,3600,100,4.6,1,4.6,1.28,2.4,11,H
4493,TE,"Gresham, Jermaine",ari,sfo,H,2800,100,4.5,1,4.5,1.61,9.7,8,H
4704,TE,"Tomlinson, Eric",nyj,jac,H,2500,0,4.5,1,4.5,1.8,0,11,
2553,RB,"Peterson, Adrian",no,mia,A,3600,-300,4.4,2,2.2,0.61,5.7,5,L
2645,RB,"Johnson, Chris",ari,sfo,H,4200,0,4.4,1,4.4,1.05,3.1,8,
5111,WR,"Kerley, Jeremy",nyj,jac,H,3700,100,4.4,1,4.4,1.19,9.2,11,H
2816,RB,"Lewis, Dion",ne,car,H,3400,0,4.4,2,2.2,0.65,4.7,9,
4648,TE,"Brate, Cameron",tam,nyg,H,3800,800,4.4,1,4.4,1.16,13.3,1,H
5539,RB,"Foreman, D'Onta",hou,ten,H,4000,0,4.4,2,2.2,0.55,11,7,
5571,WR,"Taylor, Trent",sfo,ari,A,3300,300,4.4,2,2.2,0.67,12.2,11,H
4660,TE,"Boyle, Nick",bal,pit,H,2500,0,4.3,2,2.15,0.86,3.4,10,
2867,RB,"Turbin, Robert",ind,sea,A,3700,0,4.2,2,2.1,0.57,3,11,
4629,TE,"Rodgers, Richard",gb,chi,H,2700,0,4.2,1,4.2,1.56,0,8,
5268,WR,"Latimer, Cody",den,oak,H,3000,0,4.2,2,2.1,0.7,0,5,
4599,TE,"Carrier, Derek",lar,dal,A,2500,0,4.1,2,2.05,0.82,2.7,8,
2982,RB,"Oliver, Branden",lac,phi,H,4400,400,4.1,2,2.05,0.47,7.4,9,H
7017,D,Minnesota,min,det,H,3100,-200,4,2,2,0.65,9,9,L
5239,WR,"Golden, Brittan",ari,sfo,H,3000,0,3.9,1,3.9,1.3,3.1,8,
4538,TE,"Kendricks, Lance",gb,chi,H,2500,0,3.8,1,3.8,1.52,13.2,8,
5412,WR,"Humphries, Adam",tam,nyg,H,3300,200,3.8,1,3.8,1.15,12.8,1,H
5575,RB,"Ekeler, Austin",lac,phi,H,3000,0,3.8,2,1.9,0.63,1.6,9,
5582,WR,"Reynolds, Josh",lar,dal,A,3000,0,3.8,1,3.8,1.27,0,8,
2908,RB,"Juszczyk, Kyle",sfo,ari,A,3000,0,3.7,1,3.7,1.23,4.4,11,
4680,TE,"Higbee, Tyler",lar,dal,A,2500,0,3.7,2,1.85,0.74,1.4,8,
5199,WR,"Austin, Tavon",lar,dal,A,3100,-300,3.6,2,1.8,0.58,0.4,8,L
5566,RB,"Dayes, Matthew",cle,cin,H,3000,0,3.6,1,3.6,1.2,0,9,
3809,WR,"Wallace, Mike",bal,pit,H,3500,-200,3.5,2,1.75,0.5,2,10,L
3824,WR,"Britt, Kenny",cle,cin,H,4300,200,3.5,2,1.75,0.41,14.4,9,H
4679,TE,"Anderson, Stephen",hou,ten,H,2800,-100,3.4,1,3.4,1.21,2.4,7,L
1433,QB,"Tolzien, Scott",ind,sea,A,4300,0,3.32,1,3.32,0.77,0,11,
5570,WR,"Cole, Keelan",jac,nyj,A,3000,0,3.3,2,1.65,0.55,2.3,8,
4661,TE,"O'Leary, Nick",buf,atl,A,2500,0,3.2,1,3.2,1.28,4.1,6,
5450,RB,"Collins, Alex",bal,pit,H,3700,200,3.2,1,3.2,0.86,8.2,10,H
5483,RB,"Washington, Dwayne",det,min,A,3800,0,3.1,2,1.55,0.41,0,7,
4590,TE,"Williams, Brandon",ind,sea,A,2500,0,3,1,3,1.2,1.7,11,
5473,RB,"Smallwood, Wendell",phi,lac,A,4100,300,3,2,1.5,0.37,9,10,H
5476,WR,"Miller, Braxton",hou,ten,H,3000,-100,3,2,1.5,0.5,2.5,7,L
4685,TE,"Telfer, Randall",cle,cin,H,2500,0,3,1,3,1.2,1.4,9,
5541,RB,"Williams, Jamaal",gb,chi,H,4400,0,3,2,1.5,0.34,0.6,8,
5551,WR,"Stewart, ArDarius",nyj,jac,H,3000,-100,3,1,3,1,3.4,11,L
7018,D,New England,ne,car,H,3400,-400,3,2,1.5,0.44,6,9,L
5387,WR,"Hardy, Justin",atl,buf,H,3000,0,2.9,1,2.9,0.97,0,5,
4664,TE,"O'Shaughnessy, James",jac,nyj,A,2500,0,2.8,1,2.8,1.12,2.2,8,
5258,WR,"Robinson, Allen",jac,nyj,A,0,0,2.7,1,2.7,0,0,8,
5556,WR,"Samuel, Curtis",car,ne,A,4000,800,2.7,1,2.7,0.68,5.6,11,H
4700,TE,"Howard, O.J.",tam,nyg,H,2700,0,2.7,1,2.7,1,2.2,1,
4605,TE,"Niklas, Troy",ari,sfo,H,2500,0,2.6,2,1.3,0.52,2,8,
5377,WR,"White, Kevin",chi,gb,A,0,0,2.6,1,2.6,0,0,9,
5572,WR,"Darboh, Amara",sea,ind,H,3000,0,2.6,2,1.3,0.43,0,6,
5580,WR,"Williams, Chad",ari,sfo,H,3000,0,2.5,1,2.5,0.83,1.8,8,
4323,TE,"Davis, Vernon",was,kan,A,3700,700,2.3,2,1.15,0.31,16.8,5,H
3885,WR,"Benn, Arrelious",jac,nyj,A,3000,0,2.2,1,2.2,0.73,0,8,
4363,TE,"Celek, Brent",phi,lac,A,2500,0,2.1,1,2.1,0.84,0,10,
5157,WR,"Quick, Brian",was,kan,A,3000,0,2.1,1,2.1,0.7,0,5,
5455,WR,"Boyd, Tyler",cin,cle,A,3300,0,2.1,1,2.1,0.64,2.1,6,
4588,TE,"McGrath, Sean",lac,phi,H,2500,0,2,1,2,0.8,0,9,
4618,TE,"Burton, Trey",phi,lac,A,2500,0,2,1,2,0.8,2.7,10,
4688,TE,"Vannett, Nick",sea,ind,H,2500,0,2,1,2,0.8,0,6,
5537,RB,"Conner, James",pit,bal,A,4500,0,2,2,1,0.22,0,9,
7016,D,Miami,mia,no,H,2400,-1300,2,1,2,0.83,5,1,L
4535,TE,"Smith, Lee",oak,den,A,2500,0,1.9,1,1.9,0.76,0,10,
2931,RB,"Sims, Charles",tam,nyg,H,3900,0,1.9,1,1.9,0.49,2.3,1,
5498,WR,"Davis, Trevor",gb,chi,H,3000,0,1.9,2,0.95,0.32,0,8,
2959,RB,"Fluellen, David",ten,hou,A,3000,0,1.8,1,1.8,0.6,0,8,
4684,TE,"Sterling, Neal",nyj,jac,H,2500,0,1.8,1,1.8,0.72,0,11,
5134,WR,"Robinson, Aldrick",sfo,ari,A,3000,0,1.7,1,1.7,0.57,4.3,11,
4651,TE,"Walford, Clive",oak,den,A,2500,0,1.7,1,1.7,0.68,0.9,10,
2825,RB,"Develin, James",ne,car,H,3000,0,1.6,1,1.6,0.53,0,9,
4564,TE,"Celek, Garrett",sfo,ari,A,2500,0,1.6,1,1.6,0.64,7.1,11,
4682,TE,"Cross, Alan",tam,nyg,H,2500,0,1.6,1,1.6,0.64,1.5,1,
2805,RB,"DiMarco, Patrick",buf,atl,A,3000,0,1.5,2,0.75,0.25,0,6,
4652,TE,"Kroft, Tyler",cin,cle,A,2600,100,1.5,1,1.5,0.58,5.8,6,H
5379,WR,"Perriman, Breshad",bal,pit,H,3000,0,1.5,2,0.75,0.25,0,10,
4707,TE,"Hollister, Jacob",ne,car,H,2500,0,1.5,1,1.5,0.6,2.9,9,
4609,TE,"Fells, Darren",det,min,A,2500,0,1.3,1,1.3,0.52,1.8,7,
5405,RB,"Grant, Corey",jac,nyj,A,3700,700,1.3,1,1.3,0.35,10.3,8,H
5506,WR,"Peake, Charone",nyj,jac,H,3000,0,1.3,1,1.3,0.43,0,11,
2899,RB,"Murray, Latavius",min,det,H,3200,0,1.2,2,0.6,0.19,0.5,9,
2958,WR,"Thomas, De'Anthony",kan,was,H,3000,0,1.2,2,0.6,0.2,2.4,10,
5406,RB,"Ripkowski, Aaron",gb,chi,H,3000,0,1.2,1,1.2,0.4,0,8,
5334,WR,"Hazel, Matt",ind,sea,A,0,0,1.1,1,1.1,0,0,11,
3191,RB,"Smith, Rod",dal,lar,H,3300,0,0.8,1,0.8,0.24,0,6,
5277,WR,"Campanaro, Michael",bal,pit,H,3000,-100,0.7,2,0.35,0.12,2,10,L
5415,RB,"Burton, Michael",chi,gb,A,3000,0,0.7,1,0.7,0.23,0,9,
1443,QB,"Savage, Tom",hou,ten,H,4400,0,0.48,1,0.48,0.11,0,7,
5402,RB,"Rawls, Thomas",sea,ind,H,3700,-300,0.4,1,0.4,0.11,0,6,L
2896,RB,"Lacy, Eddie",sea,ind,H,3400,0,0.3,1,0.3,0.09,0,6,
2549,RB,"Kuhn, John",no,mia,A,0,-3000,0.2,1,0.2,0,0,5,L
5558,WR,"Ross, John",cin,cle,A,3300,0,0.2,1,0.2,0.06,0,6,
2871,RB,"Morris, Alfred",dal,lar,H,5100,-100,0.1,1,0.1,0.02,0,6,L
2916,RB,"Whittaker, Fozzy",car,ne,A,3000,0,0.1,1,0.1,0.03,1.2,11,
5374,RB,"Watson, Terrell",pit,bal,A,3000,0,0.1,1,0.1,0.03,0.3,9,
5568,RB,"Davis, Justin",lar,dal,A,3000,0,0.1,1,0.1,0.03,0,8,
1239,QB,"Anderson, Derek",car,ne,A,5400,0,0,0,0,0,0.68,11,
3552,RB,"Jones, Matt",ind,sea,A,3000,3000,0,0,0,0,0.3,11,H
4324,TE,"Lewis, Marcedes",jac,nyj,A,2800,300,0,2,0,0,28.2,8,H
1309,QB,"Henne, Chad",jac,nyj,A,4300,0,0,0,0,0,-0.3,8,
3732,WR,"Weems, Eric",ten,hou,A,3000,0,0,1,0,0,0,8,
3860,WR,"Tate, Brandon",buf,atl,A,3000,0,0,1,0,0,0,6,
3978,WR,"Roberts, Andre",atl,buf,H,3000,0,0,2,0,0,2.2,5,
4499,TE,"Hoomanawanui, Michael",no,mia,A,2500,0,0,0,0,0,0,5,
5097,WR,"Inman, Dontrelle",lac,phi,H,3200,-200,0,1,0,0,1.2,9,L
5110,TE,"Paul, Niles",was,kan,A,2500,0,0,0,0,0,0.7,5,
5130,WR,"Harris, Dwayne",nyg,tam,A,3000,0,0,2,0,0,0,8,
2822,RB,"Sherman, Anthony",kan,was,H,3000,0,0,0,0,0,2.1,10,
2840,RB,"Todman, Jordan",hou,ten,H,3000,0,0,0,0,0,0,7,
1401,QB,"Mallett, Ryan",bal,pit,H,4000,0,0,0,0,0,5.44,10,
4551,TE,"Allen, Dwayne",ne,car,H,2500,0,0,2,0,0,0,9,
4572,TE,"McDonald, Vance",pit,bal,A,2700,-100,0,1,0,0,0,9,L
4577,TE,"Toilolo, Levine",atl,buf,H,2500,0,0,1,0,0,0,5,
5215,WR,"Wheaton, Markus",chi,gb,A,3300,-200,0,0,0,0,0,9,L
2909,RB,"Coleman, Derrick",atl,buf,H,3000,0,0,1,0,0,0,5,
2911,RB,"Cunningham, Benny",chi,gb,A,3000,0,0,1,0,0,5.3,9,
4592,TE,"Griffin, Ryan",hou,ten,H,3500,500,0,1,0,0,17.1,7,H
2957,RB,"Williams, Damien",mia,no,H,3800,0,0,0,0,0,2.1,1,
4602,TE,"Seferian-Jenkins, Austin",nyj,jac,H,3000,0,0,0,0,0,8.1,11,
4637,TE,"Supernaw, Phillip",ten,hou,A,2500,0,0,0,0,0,1.3,8,
5265,WR,"Ellington, Bruce",hou,ten,H,3700,400,0,1,0,0,15.8,7,H
5283,WR,"Reedy, Bernard",tam,nyg,H,3000,0,0,1,0,0,1.9,1,
5368,WR,"Matthews, Chris",bal,pit,H,3000,0,0,0,0,0,1.8,10,
5388,WR,"Coates, Sammie",cle,cin,H,3100,0,0,1,0,0,0,9,
5397,RB,"Zenner, Zach",det,min,A,3300,0,0,0,0,0,0.5,7,
5414,RB,"Mostert, Raheem",sfo,ari,A,3000,0,0,0,0,0,0.1,11,
4666,TE,"Bell, Blake",min,det,H,2500,0,0,1,0,0,0,9,
5429,WR,"Bray, Quan",ind,sea,A,3000,0,0,2,0,0,3.2,11,
5430,WR,"Clay, Kaelin",buf,atl,A,3000,0,0,1,0,0,3.8,6,
5431,RB,"Hunt, Akeem",kan,was,H,3000,0,0,1,0,0,0,10,
5442,WR,"Williams, Kasen",cle,cin,H,3000,0,0,1,0,0,2,9,
5460,WR,"Doctson, Josh",was,kan,A,3600,100,0,1,0,0,12.2,5,H
5462,WR,"Cooper, Pharoh",lar,dal,A,3000,0,0,2,0,0,0.4,8,
5474,WR,"Carroo, Leonte",mia,no,H,3000,0,0,0,0,0,0,1,
5479,WR,"Moore, Chris",bal,pit,H,3000,0,0,0,0,0,0,10,
5482,RB,"Janovich, Andy",den,oak,H,3000,0,0,0,0,0,0.2,5,
5486,WR,"Grant, Jakeem",mia,no,H,3000,0,0,1,0,0,2.2,1,
4681,TE,"Travis, Ross",kan,was,H,2500,0,0,2,0,0,0,10,
5504,RB,"Watt, Derek",lac,phi,H,3000,0,0,1,0,0,0,9,
5505,WR,"McEvoy, Tanner",sea,ind,H,3000,0,0,2,0,0,0,6,
4689,TE,"Koyack, Ben",jac,nyj,A,2500,0,0,1,0,0,0,8,
5515,WR,"Robinson, Demarcus",kan,was,H,3000,0,0,0,0,0,2.9,10,
5518,WR,"Core, Cody",cin,cle,A,3000,0,0,1,0,0,0,6,
4694,TE,"Morgan, David",min,det,H,2500,0,0,1,0,0,0,9,
5526,RB,"Brown, Mack",was,kan,A,3000,0,0,0,0,0,2.7,5,
5531,WR,"Byrd, Damiere",car,ne,A,3000,0,0,2,0,0,0,11,
5561,RB,"Henderson, De'Angelo",den,oak,H,3600,0,0,0,0,0,0.1,5,
5569,WR,"Switzer, Ryan",dal,lar,H,3000,0,0,2,0,0,0.3,6,
5573,RB,"Edmunds, Trey",no,mia,A,3000,0,0,2,0,0,0,5,
5574,WR,"McKenzie, Isaiah",den,oak,H,3000,0,0,2,0,0,0.4,5,
5576,WR,"Bolden, Victor",sfo,ari,A,3000,0,0,1,0,0,0,11,
5579,WR,"Godwin, Chris",tam,nyg,H,3000,0,0,1,0,0,7.4,1,
5583,RB,"Clement, Corey",phi,lac,A,3800,800,0,0,0,0,8.2,10,H
5584,WR,"Leslie, Jordan",cle,cin,H,3700,0,0,0,0,0,3.6,9,
4708,TE,"Daniels, Darrell",ind,sea,A,2500,0,0,0,0,0,1.6,11,
4709,TE,"Shaheen, Adam",chi,gb,A,2500,0,0,0,0,0,7.2,9,
5585,WR,"Brown, Noah",dal,lar,H,3000,0,0,0,0,0,2.3,6,
7021,D,New York J,nyj,jac,H,2600,500,0,2,0,0,14,11,H
1242,QB,"Fitzpatrick, Ryan",tam,nyg,H,4400,0,-0.2,1,-0.2,-0.05,0,1,
1484,QB,"Mannion, Sean",lar,dal,A,4200,0,-0.22,1,-0.22,-0.05,0,8,
5446,RB,"Drake, Kenyan",mia,no,H,4000,0,-0.3,1,-0.3,-0.07,1.2,1,
5520,WR,"Raymond, Kalif",nyj,jac,H,0,-3000,-1,2,-0.5,0,0,11,L
7019,D,New Orleans,no,mia,A,2600,600,-2,2,-1,-0.38,14,5,H
